dataset	qseqid	sseqid	pident	length	mismatch	gapopen	qstart	qend	sstart	send	evalue	bitscore	qcovs	pdb_id	source_file	source_name	source_group_id	source_sequence	source_structure	source_sequence_length	source_sequence_type	source_annotation_data_id
General_target_sequences	ATP_control|group_6|row_11	1am0_A	100.000	40	0	0	1	40	1	40	6.61e-15	75.0	100	1am0	ATPCON_DMS_0001.rdat	ATP control	6	GGGUUGGGAAGAAACUGUGGCACUUCGGUGCCAGCAACCC	((((((...........((((((....)))))).))))))	40	chemical:ATP:0mM | ANNOTATION_DATA:2
Riboswitches_target_sequences	add_Adenine_Riboswitch,_V._vulnificus|group_23|row_46	1y26_X	100.000	71	0	0	4	74	1	71	9.93e-32	132	96	1y26	ADDSC_1M7_0007.rdat	add Adenine Riboswitch, V. vulnificus	23	GGACGCUUCAUAUAAUCCUAAUGAUAUGGUUUGGGAGUUUCUACCAAGAGCCUUAAACUCUUGAUUAUGAAGUG	...(((((((((...((((((.........))))))........((((((.......))))))..)))))))).	74	target
Eterna_target_sequences	EteRNA_Cloud_Lab|group_36300|row_28875	3l3c_S	94.167	120	4	2	28	145	23	141	8.20e-46	180	80	3l3c	ETERNA_R82_0000.rdat	EteRNA Cloud Lab	MAPseq:project_name:Johan's sequences	AUAAAAGCGCCAGAACUACAGAAAUGUAGUUGACGAGGAGGAGGUUUAUCGAAUUUUCGGCGGAUGCCUCCGUUGUUCAUCACAACCGCAAGCUUUUACUUAAAUCAUUAAGGUGACUUAGUGGACAAAGGUGAAAGUGUGAUGAAAA	....................................................................................................................................................	148	MAPseq:design_name:Sequence 8	1899
Riboswitches_target_sequences	cidGMP_riboswitch,_V._Cholerae|group_35|row_63	3ucz_R	92.391	92	4	2	4	93	2	92	1.99e-30	128	86	3ucz	CIDGMP_1M7_0001.rdat	cidGMP riboswitch, V. Cholerae	35	ggUGUCACGCACAGGGCAAACCAUUCGAAAGAGUGGGACGCAAAGCCUCCGGCCUAAACCAGAAGACAUGGUAGGUAGCGGGGUUACCGAUGGCAAAAUGCAUAC	..........................................................................................................	105	modifier:1M7 | ANNOTATION_DATA:2
Riboswitches_target_sequences	SAM_I_riboswitch,_T._tengcongenesis|group_72|row_142	4kqy_A	98.319	119	1	1	2	120	1	118	2.93e-54	207	99	4kqy	SAMRSW_1M7_0001.rdat	SAM I riboswitch, T. tengcongenesis	72	ggUUCUUAUCAAGAGAAGCAGAGGGACUGGCCCGACGAAGCUUCAGCAACCGGUGUAAUGGCGAUCAGCCAUGACCAAGGUGCUAAAUCCAGCAAGCUCGAACAGCUUGGAAGAUAAGAA	........................................................................................................................	120	modifier:1M7 | ANNOTATION_DATA:2
RNAStructure_target_sequences	SRP_RNA,_E._coli|group_63|row_33	5gah_1	100.000	113	0	0	4	116	1	113	8.57e-55	209	90	5gah	SRPECLI_BZCN_0001.rdat	SRP RNA, E. coli	63	AUCGGGGGCUCUGUUGGUUCUCCCGCAACGCUACUCUGUUUACCAGGUCAGGUCCGGAAGGAAGCAGCCAAGGCAGAUGACGCGUGUGCCGGGAUGUAGCUGGCAGGGCCCCCACCCGGGUCGGC	.............................................................................................................................	125	target
General_target_sequences	ATP-TTR_3|group_3|row_9	6wlk_A	100.000	129	0	0	1	129	2	130	1.13e-63	239	100	6wlk	ATTR03_DMS_0001.rdat	ATP-TTR 3	3	GCGAUAUGGCAUGGAAUCAGCUCAAGGAACUGUGAACGUAUAUCGGGCAACGACUAGGAAACUAGUCGUUGGGAAGAAACUGCCGAUAUACGGGAGUUCCUUGAGCGGGAGAUUCCAUGCCUAAGUCGC	(((((..(((((((((((.((((((((((((.....((((((((((.((((((((((....))))))))))((......)).))))))))))..))))))))))))....)))))))))))...)))))	129	chemical:ATP:0mM | ANNOTATION_DATA:2
Riboswitches_target_sequences	glycine_riboswitch,_F._nucleatum|group_54|row_111	6wlm_A	100.000	169	0	0	7	175	3	171	1.11e-85	313	82	6wlm	GLYCFN_KNK_0001.rdat	glycine riboswitch, F. nucleatum	54	ggaaauaaUCGGAUGAAGAUAUGAGGAGAGAUUUCAUUUUAAUGAAACACCGAAGAAGUAAAUCUUUCAGGUAAAAAGGACUCAUAUUGGACGAACCUCUGGAGAGCUUAUCUAAGAGAUAACACCGAAGGAGCAAAGCUAAUUUUAGCCUAAACUCUCAGGUAAAAGGACGGAGaaaacaaaacaaagaaacaacaacaacaac	........(((......((((((((......((((((....)))))).(((....(((.....)))...)))........))))))))...)))..(((((......(((((.....))))).(((....(((....((((....)))).....)))...))).......)))))..............................	205	target
Riboswitches_target_sequences	TPP_Riboswitch,_E._coli|group_76|row_157	7tzs_Y	100.000	80	0	0	1	80	1	80	1.10e-36	148	100	7tzs	TPPSC_1M7_0005.rdat	TPP Riboswitch, E. coli	76	GGACUCGGGGUGCCCUUCUGCGUGAAGGCUGAGAAAUACCCGUAUCACCUGAUCUGGAUAAUGCCAGCGUAGGGAAGUUC	.((((((((.((((.(((.....))))))......)..)))).....(((...((((......))))...)))..)))).	80	target
RNAStructure_target_sequences	RNase_P_specificity_region,_E._coli|group_51|row_28	7uo5_B	100.000	248	0	0	1	248	1	248	1.67e-129	459	100	7uo5	RNASEP_1M7_0001.rdat	RNase P specificity region, E. coli	51	GAAGCUGACCAGACAGUCGCCGCUUCGUCGUCGUCCUCUUCGGGGGAGACGGGCGGAGGGGAGGAAAGUCCGGGCUCCAUAGGGCAGGGUGCCAGGUAACGCCUGGGGGGGAAACCCACGACCAGUGCAACAGAGAGCAAACCGCCGAUGGCCCGCGCAAGCGGGAUCAGGUAAGGGUGAAAGGGUGCGGUAAGAGCGCACCGCGCGGCUGGUAACAGUCCGUGGCACGGUAAACUCCACCCGGAGCA	........................................................................................................................................................................................................................................................	248	target
RNAStructure_target_sequences	P4-P6_domain,_Tetrahymena_ribozyme|group_75|row_63	8i7n_N	98.802	167	1	1	15	180	109	275	1.10e-80	296	82	8i7n	TRP4P6_CMC_0001.rdat	P4-P6 domain, Tetrahymena ribozyme	75	ggccaaaacaacgGAAUUGCGGGAAAGGGGUCAACAGCCGUUCAGUACCAAGUCUCAGGGGAAACUUUGAGAUGGCCUUGCAAAGGGUAUGGUAAUAAGCUGACGGACAUGGUCCUAACCACGCAGCCAAGUCCUAAGUCAACAGAUCUUCUGUUGAUAUGGAUGCAGUUCAAAACCaaaccaaagaaacaacaacaacaac		202	target
RNAStructure_target_sequences	tRNAphe,_E._coli|group_66|row_45	9y4g_Bb	100.000	76	0	0	2	77	1	76	1.74e-34	141	99	9y4g	TRNAPH_1M7_0000.rdat	tRNAphe, E. coli	66	gGCGGAUUUAGCUCAGUUGGGAGAGCGCCAGACUGAAGAUCUGGAGGUCCUGUGUUCGAUCCACAGAAUUCGCACCA	.............................................................................	77	modifier:1M7 | ANNOTATION_DATA:2
RNAStructure_target_sequences	P4-P6_domain,_Tetrahymena_ribozyme|group_77|row_82	9zc6_A	100.000	158	0	0	3	160	83	240	1.11e-79	292	99	9zc6	TRP4P6_DMS_0014.rdat	P4-P6 domain, Tetrahymena ribozyme	77	GGAAUUGCGGGAAAGGGGUCAACAGCCGUUCAGUACCAAGUCUCAGGGGAAACUUUGAGAUGGCCUUGCAAAGGGUAUGGUAAUAAGCUGACGGACAUGGUCCUAACCACGCAGCCAAGUCCUAAGUCAACAGAUCUUCUGUUGAUAUGGAUGCAGUUCA	.....((((((...((((((.....(((.((((.(((..(((((((((....)))))))))..((.......))....)))......)))))))....))))))..)).))))((...((((...(((((((((...)))))))))..))))...))...	160	mutation:WT | ANNOTATION_DATA:2
RNAStructure_target_sequences	16S_rRNA_Four-Way_Junction|group_3|row_1	9ztl_A	100.000	110	0	0	1	110	126	235	3.41e-53	204	100	9ztl	16SFWJ_1M7_0001.rdat	16S rRNA Four-Way Junction	3	GGGAAACUGCCUGAUGGAGGGGGAUAACUACUGGAAACGGUAGCUAAUACCGCAUAACGUCGCAAGACCAAAGAGGGGGACCUUCGGGCCUCUUGCCAUCGGAUGUGCCC	(((..((...(((((((.((((..((.((((((....)))))).))...)))).....(((....))).....((((((.((....)))))))).)))))))..)).)))	110	mutation:WT | ANNOTATION_DATA:2
General_target_sequences	SARS-CoV-2-SL5|rcsb_seqres_search	8QO5_1	100.000	145	0	0	150	294	1	145	2.251E-70	261	48.333	8QO5	SARS-CoV-2-SL5.rdat	SARS-CoV-2-SL5		AUUAAAGGUUUAUACCUUCCCAGGUAACAAACCAACCAACUUUCGAUCUCUUGUAGAUCUGUUCUCUAAACGAACUUUAAAAUCUGUGUGGCUGUCACUCGGCUGCAUGCUUAGUGCACUCACGCAGUAUAAUUAAUAACUAAUUACUGUCGUUGACAGGACACGAGUAACUCGUCUAUCUUCUGCAGGCUGCUUACGGUUUCGUCCGUGUUGCAGCCGAUCAUCAGCACAUCUAGGUUUCGUCCGGGUGUGACCGAAAGGUAAGAUGGAGAGCCUUGUCCCUGGUUUCAACGAGAAAAC		300	local:sequence-page | subject_length:145 | subject_range:1-145
