bundle_sequence_id	source_lane	source_sequence_id	sequence_hash	rmdb_unique_id	sequence_length	bundle_sequence	pdb_reference_id	pdb_id	identity_fraction	rmdb_query_coverage	pdb_subject_coverage
top_x_279::seq_a6656e7fe90f6aa6	top_x_279	seq_a6656e7fe90f6aa6	fc41fbca6857bb5dbf388aef57fae78a5c228c36	rmdbseq_fc41fbca6857bb5dbf388aef57fae78a5c228c36	130	GGAAAAAUUGAAGAGUUUGAUCAUGGCUCAGAUUGAACGCUGGCGGCAGGCCUAACACAUGCAAGUCGAACGGUAACAGGAAGAAGCUUGCCUAGCUGUUCGCAGCUAGAAAAGAAACAACAACAACAAC	10FZ_A	10FZ	1.0	0.6692307692307692	0.05642023346303502
top_x_279::seq_e29cf7af54a9ec85	top_x_279	seq_e29cf7af54a9ec85	18560e7fe5ba3a9ad34513be694601881023d8b8	rmdbseq_18560e7fe5ba3a9ad34513be694601881023d8b8	207	GGGAACGACUCGAGUAGAGUCGAAAAAAAUUGAAGAGUUUGAUCAUGGCUCAGAUUGAACGCUGGCGGCAGGCCUAACACAUGCAAGUCGAACGGUAACAGGAAGAAGCUUGCUUCUUUGCUGACGAGUGGCGGACGGGUGAGUAAUGUCUGGGAAGUAUCAAGUAUUCUUCGGAAUACUUGAUACAAAAGAAACAACAACAACAAC	10FZ_A	10FZ	1.0	0.6280193236714976	0.08430609597924774
top_x_279::seq_62e19e7061d15370	top_x_279	seq_62e19e7061d15370	fc41fbca6857bb5dbf388aef57fae78a5c228c36	rmdbseq_fc41fbca6857bb5dbf388aef57fae78a5c228c36	130	GGAAAAAUUGAAGAGUUUGAUCAUGGCUCAGAUUGAACGCUGGCGGCAGGCCUAACACAUGCAAGUCGAACGGUAACAGGAAGAAGCUUGCCUAGCUGUUCGCAGCUAGAAAAGAAACAACAACAACAAC	10FZ_A	10FZ	1.0	0.6692307692307692	0.05642023346303502
top_x_279::seq_c25f07344fe9e9f4	top_x_279	seq_c25f07344fe9e9f4	18560e7fe5ba3a9ad34513be694601881023d8b8	rmdbseq_18560e7fe5ba3a9ad34513be694601881023d8b8	207	GGGAACGACUCGAGUAGAGUCGAAAAAAAUUGAAGAGUUUGAUCAUGGCUCAGAUUGAACGCUGGCGGCAGGCCUAACACAUGCAAGUCGAACGGUAACAGGAAGAAGCUUGCUUCUUUGCUGACGAGUGGCGGACGGGUGAGUAAUGUCUGGGAAGUAUCAAGUAUUCUUCGGAAUACUUGAUACAAAAGAAACAACAACAACAAC	10FZ_A	10FZ	1.0	0.6280193236714976	0.08430609597924774
top_x_279::seq_3d84d5079bda7b01	top_x_279	seq_3d84d5079bda7b01	fc41fbca6857bb5dbf388aef57fae78a5c228c36	rmdbseq_fc41fbca6857bb5dbf388aef57fae78a5c228c36	130	GGAAAAAUUGAAGAGUUUGAUCAUGGCUCAGAUUGAACGCUGGCGGCAGGCCUAACACAUGCAAGUCGAACGGUAACAGGAAGAAGCUUGCCUAGCUGUUCGCAGCUAGAAAAGAAACAACAACAACAAC	10FZ_A	10FZ	1.0	0.6692307692307692	0.05642023346303502
top_x_279::seq_76782c154e2f23b4	top_x_279	seq_76782c154e2f23b4	eef244ef9a85f21a4d6b4e2b7d1244258d77c6cb	rmdbseq_eef244ef9a85f21a4d6b4e2b7d1244258d77c6cb	177	GGGAACGACUCGAGUAGAGUCGAAAAAUUGAAGAGUUUGAUCAUGGCUCAGAUUGAACGCUGGCGGCAGGCCUAACACAUGCAAGUCGAACGGUAACAGGAAGAAGCUUGCUUCUUUGCUGACGAGCCUAAAUACGGGAUUCGUCCCGUAUUUAGGAAAAGAAACAACAACAACAAC	10FZ_A	10FZ	1.0	0.576271186440678	0.06614785992217899
top_x_279::seq_686b3cbc4c7c56ce	top_x_279	seq_686b3cbc4c7c56ce	eef244ef9a85f21a4d6b4e2b7d1244258d77c6cb	rmdbseq_eef244ef9a85f21a4d6b4e2b7d1244258d77c6cb	177	GGGAACGACUCGAGUAGAGUCGAAAAAUUGAAGAGUUUGAUCAUGGCUCAGAUUGAACGCUGGCGGCAGGCCUAACACAUGCAAGUCGAACGGUAACAGGAAGAAGCUUGCUUCUUUGCUGACGAGCCUAAAUACGGGAUUCGUCCCGUAUUUAGGAAAAGAAACAACAACAACAAC	10FZ_A	10FZ	1.0	0.576271186440678	0.06614785992217899
nonpuzzle_fail_rescue::seq_c58e83f86f91235f	nonpuzzle_fail_rescue	seq_c58e83f86f91235f	ff07880e65c2bc296e185388d8e23196be3eda24	rmdbseq_ff07880e65c2bc296e185388d8e23196be3eda24	107	GGAAAAAAUUGAAGAGUUUGAUCAUGGCUCAGAUUGAACGCUGGCGGCAGGCCUAACACAUGCAAGUCAAUACUCUUCGGAGUAUUAAAAGAAACAACAACAACAAC	10FZ_A	10FZ	1.0	0.5887850467289719	0.04085603112840467
nonpuzzle_fail_rescue::seq_8fac41ee45675d6c	nonpuzzle_fail_rescue	seq_8fac41ee45675d6c	6a32edc2b80d53f4fc4b45caf32807dc95d15756	rmdbseq_6a32edc2b80d53f4fc4b45caf32807dc95d15756	98	GGAAAGUGAAGUCGUAACAAGGUAACCGUAGGGGAACCUGCGGUUGGAUCACCUCCUUAGCAUAUUUUCGAAUAUGCAAAAGAAACAACAACAACAAC	10FZ_A	10FZ	1.0	0.5510204081632653	0.03501945525291829
